dimensao,categoria,total_registros,stress_score_medio,burnout_score_medio,satisfacao_media,equilibrio_vida_trabalho_medio,apoio_gestor_medio,horas_semanais_media,sono_medio_horas,burnout_severe_pct,burnout_high_or_severe_pct,busca_suporte_mental_pct,intencao_troca_emprego_pct,usa_terapia_pct,uso_diario_ia_pct
work_mode,Hybrid,39856,7.0156,5.4325,4.8399,5.7981,5.795,47.1188,6.0992,28.9793,48.2286,49.5158,33.5784,14.9413,72.91
work_mode,On-site,25208,6.974,5.2462,4.8245,5.3945,5.8205,47.126,6.1096,26.321,45.6918,48.4965,33.2593,15.4356,73.1593
work_mode,Remote,34936,7.1595,5.4787,4.8364,5.0145,5.8051,47.0714,6.1008,29.743,49.2272,51.0333,29.2964,15.2822,73.0049
country,Australia,6169,7.1014,5.4305,4.9167,5.465,5.8138,47.1773,6.1047,29.3402,47.8035,49.3759,31.0747,14.816,72.8157
country,Brazil,4050,7.0488,5.3522,4.064,5.3771,5.8551,47.1432,6.1102,27.6049,46.642,48.6914,36.6667,15.4568,72.9136
country,Canada,7940,7.0226,5.3931,5.0491,5.4002,5.7795,47.0351,6.0842,28.262,47.4685,49.5466,30.8312,15.5668,73.3627
country,France,2936,7.0483,5.4308,4.6451,5.3912,5.7755,47.0058,6.1022,28.8488,47.8542,51.1921,32.4932,15.7357,73.3311
country,Germany,7099,7.0636,5.4256,4.8653,5.443,5.824,47.0686,6.0925,28.7928,49.1055,50.007,32.5257,15.467,72.5595
country,India,21998,7.0413,5.3747,4.0191,5.4176,5.7819,47.1307,6.1102,28.198,47.6316,50.0182,36.5397,14.7832,73.2839
country,Netherlands,3956,7.0665,5.3781,4.7609,5.4195,5.8735,47.1934,6.1042,28.0081,47.5986,49.545,32.5076,15.5966,72.6744
country,Singapore,3947,7.0224,5.3671,4.7395,5.471,5.8278,46.9681,6.1023,28.7814,47.2257,48.6192,31.847,14.7707,73.2962
country,UK,9939,7.0524,5.4233,5.0141,5.429,5.7934,47.0912,6.1001,28.9466,48.4757,49.3913,31.3714,15.1625,73.116
country,USA,31966,7.0677,5.4155,5.4007,5.4199,5.8099,47.1105,6.1029,28.7462,48.1668,50.0313,28.7493,15.2975,72.8149
job_role,Backend Developer,7996,7.0689,5.4448,4.8087,5.4008,5.7548,47.0975,6.0907,28.8769,48.6618,49.6748,32.6038,14.6073,73.2741
job_role,Cloud Engineer,3917,7.0509,5.3809,4.9294,5.4038,5.8903,47.1011,6.086,28.5678,47.5874,50.9318,30.6357,15.1647,72.5811
job_role,Cybersecurity Engineer,4011,7.0605,5.4001,4.8795,5.4263,5.7812,47.0072,6.0746,28.6961,46.9708,50.7604,30.2418,16.0558,71.9521
job_role,Data Analyst,8028,7.0309,5.3704,4.5789,5.43,5.8338,47.0985,6.1044,27.9397,47.708,49.8007,34.0683,15.421,73.0817
job_role,Data Scientist,12029,7.0482,5.3999,4.9433,5.4525,5.8089,47.099,6.101,28.556,47.7762,50.0873,31.3077,14.7893,73.1649
job_role,DevOps Engineer,7949,7.0469,5.3947,4.8709,5.4126,5.7886,47.138,6.1157,28.318,47.6035,49.2012,32.1172,14.6182,72.072
job_role,Frontend Developer,7970,7.0616,5.4222,4.6876,5.4202,5.7934,47.0832,6.088,28.921,48.3689,50.6399,32.7353,15.345,72.9486
job_role,Full Stack Developer,6907,7.0249,5.3547,4.8603,5.4025,5.7914,47.1019,6.1114,27.9861,47.0103,48.9503,30.9686,15.5494,72.9115
job_role,ML Engineer,10114,7.0523,5.4156,5.0142,5.4132,5.7929,47.1545,6.0999,29.0884,48.0028,49.5748,30.7989,15.5626,71.9893
job_role,Product Manager,7965,7.0815,5.4467,4.9913,5.4482,5.7771,47.1316,6.108,29.0144,48.8889,50.5085,31.8895,14.978,73.9611
job_role,QA Engineer,3034,7.0515,5.4055,4.4596,5.464,5.7987,47.1312,6.0981,28.4773,48.4838,51.2854,33.7838,14.0738,73.8958
job_role,Software Engineer,20080,7.0671,5.3878,4.7949,5.4134,5.8332,47.0871,6.1129,28.4512,47.8884,49.0139,32.3705,15.4831,73.491
seniority_level,Junior,20230,6.5252,4.8024,4.1589,5.42,5.7869,46.0852,6.0908,19.3426,38.873,47.1033,32.8077,14.9679,73.1537
seniority_level,Lead,11928,8.8575,7.4344,5.2553,5.4284,5.8461,50.0046,6.1149,59.7166,79.6781,58.3753,39.1683,15.4427,72.8873
seniority_level,Manager,9915,8.8703,7.4399,5.3494,5.4228,5.82,50.0251,6.0831,59.8991,79.3343,59.1125,37.9627,15.2799,73.0308
seniority_level,Mid,28092,6.5186,4.7686,4.6615,5.4229,5.789,46.026,6.1076,18.9876,38.2564,47.3266,30.1794,15.2285,73.0421
seniority_level,Principal,4983,6.9281,5.5293,5.3782,5.4327,5.8239,49.9035,6.108,28.7377,49.9097,50.1906,28.7778,15.9542,71.8643
seniority_level,Senior,24852,6.5303,4.7907,5.0649,5.4195,5.8084,46.0333,6.1065,19.4552,38.1056,46.8373,28.2352,14.9968,73.1209
company_size,Enterprise (5000+),15073,7.0459,5.3997,4.9721,5.4378,5.8164,47.1304,6.1032,28.5544,47.7012,49.3598,30.757,15.0269,72.7924
company_size,Large (1001-5000),22027,7.0682,5.4114,4.8776,5.4129,5.8051,47.1067,6.0976,28.5786,48.3498,50.0704,31.5885,15.1995,73.3146
company_size,Mid (201-1000),25062,7.0452,5.3812,4.8336,5.4188,5.8098,47.0976,6.107,28.4973,47.7655,49.3656,32.256,15.0946,72.9112
company_size,Small (51-200),18067,7.0742,5.4319,4.7845,5.415,5.781,47.0637,6.0981,28.8371,48.3423,50.6725,32.2466,15.3041,72.685
company_size,Startup (1-50),19771,7.0441,5.3906,4.73,5.4336,5.8121,47.1262,6.1051,28.4508,47.509,49.5321,32.8663,15.2951,73.2386
industry,AI / ML Startup,11957,7.3923,5.5915,4.8216,5.4169,5.8087,47.1112,6.1136,30.6766,50.5478,49.6947,32.6921,14.711,73.1203
industry,Consulting,7012,6.9673,5.3913,4.8258,5.425,5.7722,47.1248,6.0982,28.7507,48.3172,49.0873,31.4889,15.1169,73.474
industry,Cybersecurity,7900,6.8884,5.2907,4.8423,5.4299,5.8401,47.052,6.1125,27.557,46.0759,50.2152,30.4177,15.8228,73.0886
industry,E-commerce,12057,6.8755,5.267,4.8249,5.4249,5.7867,47.0836,6.1088,26.8807,45.5752,49.1499,31.5335,15.1779,72.2817
industry,Enterprise Software,6098,6.8986,5.3258,4.8333,5.466,5.7519,47.0423,6.1247,26.7465,46.3923,49.0981,31.3545,15.2017,73.9587
industry,Fintech,15064,7.3611,5.5761,4.8241,5.4157,5.8055,47.1292,6.0958,31.2799,50.8298,50.6373,33.2382,15.4939,72.8226
industry,Gaming,5936,7.3368,5.5424,4.848,5.4241,5.8457,47.0583,6.1032,30.5761,49.9495,50.3875,32.8336,15.2628,72.9447
industry,Healthcare Tech,10004,6.9047,5.3042,4.8576,5.4012,5.8176,47.0595,6.092,27.0392,46.5014,49.0804,31.9872,14.7641,72.8709
industry,SaaS / Cloud,19957,6.9006,5.334,4.8423,5.4239,5.8084,47.1432,6.0951,27.7296,47.0812,49.8221,31.7883,15.1776,73.0771
industry,Social Media / AdTech,4015,6.8953,5.3096,4.8344,5.4184,5.807,47.1945,6.0894,26.8244,46.6252,50.9589,31.5816,15.2677,73.1756
gender,Female,29759,7.0461,5.5205,4.8356,5.4309,5.8154,47.0898,6.1008,29.8229,49.585,52.9084,31.7853,15.182,73.1241
gender,Male,65243,7.0596,5.3411,4.8395,5.4181,5.8017,47.107,6.1033,27.9907,47.0165,48.1048,32.1368,15.1419,72.955
gender,Non-binary,3994,7.0926,5.5499,4.7998,5.4311,5.7788,47.1838,6.0988,29.3941,51.1768,53.4552,31.4972,15.8488,72.684
gender,Prefer not to say,1004,6.9133,5.2284,4.6475,5.4354,5.8157,47.0229,6.1008,26.3944,46.1155,52.1912,31.6733,15.4382,74.1036
